{"cameraMode":{"drawMode":0,"name":"Shaded","section":"Shading Mode"},"sceneLighting":false,"audioPlay":false,"sceneViewState":{"m_AlwaysRefresh":false,"showFog":true,"showSkybox":false,"showFlares":true,"showImageEffects":true,"showParticleSystems":true,"showVisualEffectGraphs":true,"m_FxEnabled":true},"in2DMode":false,"pivot":{"x":1.5099999904632569,"y":1.4500000476837159,"z":-0.5400000214576721},"rotation":{"x":-0.026765713468194009,"y":0.9302497506141663,"z":-0.06934645026922226,"w":-0.35942643880844118},"size":0.055804476141929629,"orthographic":false}