{"cameraMode":{"drawMode":0,"name":"Shaded","section":"Shading Mode"},"sceneLighting":false,"audioPlay":false,"sceneViewState":{"m_AlwaysRefresh":false,"showFog":true,"showSkybox":false,"showFlares":true,"showImageEffects":true,"showParticleSystems":true,"showVisualEffectGraphs":true,"m_FxEnabled":true},"in2DMode":false,"pivot":{"x":0.012674033641815186,"y":0.7826423048973084,"z":0.05737385153770447},"rotation":{"x":0.35838353633880618,"y":-0.12270689755678177,"z":0.047615643590688708,"w":0.9242863059043884},"size":0.8190279006958008,"orthographic":false}