{"cameraMode":{"drawMode":0,"name":"Shaded","section":"Shading Mode"},"sceneLighting":true,"audioPlay":false,"sceneViewState":{"m_AlwaysRefresh":false,"showFog":true,"showSkybox":true,"showFlares":true,"showImageEffects":true,"showParticleSystems":true,"showVisualEffectGraphs":true,"m_FxEnabled":true},"in2DMode":false,"pivot":{"x":1.7546563148498536,"y":-1.2384746074676514,"z":4.208593368530273},"rotation":{"x":0.25747638940811159,"y":-0.001441049505956471,"z":0.00041595270158722997,"w":0.9663300514221191},"size":4.1746954917907719,"orthographic":false}