{"cameraMode":{"drawMode":0,"name":"Shaded","section":"Shading Mode"},"sceneLighting":true,"audioPlay":false,"sceneViewState":{"m_AlwaysRefresh":false,"showFog":true,"showSkybox":true,"showFlares":true,"showImageEffects":true,"showParticleSystems":true,"showVisualEffectGraphs":true,"m_FxEnabled":true},"in2DMode":false,"pivot":{"x":3.2630321979522707,"y":1.2088927030563355,"z":0.052568912506103519},"rotation":{"x":0.3766348361968994,"y":-0.03194136545062065,"z":0.01302188541740179,"w":0.9257324934005737},"size":9.325058937072754,"orthographic":true}