{"cameraMode":{"drawMode":0,"name":"Shaded","section":"Shading Mode"},"sceneLighting":true,"audioPlay":false,"sceneViewState":{"m_AlwaysRefresh":false,"showFog":true,"showSkybox":true,"showFlares":true,"showImageEffects":true,"showParticleSystems":true,"showVisualEffectGraphs":true,"m_FxEnabled":true},"in2DMode":false,"pivot":{"x":-2.7797515392303469,"y":3.5290656089782717,"z":1.125191569328308},"rotation":{"x":0.39485472440719607,"y":-0.005499968305230141,"z":0.00239748228341341,"w":0.9187726974487305},"size":0.9631710052490234,"orthographic":false}