{"cameraMode":{"drawMode":0,"name":"Shaded","section":"Shading Mode"},"sceneLighting":true,"audioPlay":false,"sceneViewState":{"m_AlwaysRefresh":false,"showFog":true,"showSkybox":true,"showFlares":true,"showImageEffects":true,"showParticleSystems":true,"showVisualEffectGraphs":true,"m_FxEnabled":true},"in2DMode":false,"pivot":{"x":0.0299999862909317,"y":0.8399999141693115,"z":9.289999961853028},"rotation":{"x":0.17839525640010835,"y":-0.022132813930511476,"z":0.004039253108203411,"w":0.9837161898612976},"size":1.4240940809249879,"orthographic":true}