{"cameraMode":{"drawMode":0,"name":"Shaded","section":"Shading Mode"},"sceneLighting":true,"audioPlay":false,"sceneViewState":{"m_AlwaysRefresh":false,"showFog":true,"showSkybox":true,"showFlares":true,"showImageEffects":true,"showParticleSystems":true,"showVisualEffectGraphs":true,"m_FxEnabled":true},"in2DMode":false,"pivot":{"x":-0.8379079103469849,"y":1.5800838470458985,"z":9.729156494140625},"rotation":{"x":0.16613362729549409,"y":-0.07535455375909805,"z":0.012761261314153672,"w":0.9831637740135193},"size":2.8206214904785158,"orthographic":true}