{"cameraMode":{"drawMode":0,"name":"Shaded","section":"Shading Mode"},"sceneLighting":true,"audioPlay":false,"sceneViewState":{"m_AlwaysRefresh":false,"showFog":true,"showSkybox":true,"showFlares":true,"showImageEffects":true,"showParticleSystems":true,"showVisualEffectGraphs":true,"m_FxEnabled":true},"in2DMode":false,"pivot":{"x":6.209102153778076,"y":0.4521639347076416,"z":1.080451488494873},"rotation":{"x":0.24097569286823274,"y":-0.12334195524454117,"z":0.030925171449780465,"w":0.9622025489807129},"size":2.669797897338867,"orthographic":false}