{"cameraMode":{"drawMode":0,"name":"Shaded","section":"Shading Mode"},"sceneLighting":true,"audioPlay":false,"sceneViewState":{"m_AlwaysRefresh":false,"showFog":true,"showSkybox":true,"showFlares":true,"showImageEffects":true,"showParticleSystems":true,"showVisualEffectGraphs":true,"m_FxEnabled":true},"in2DMode":false,"pivot":{"x":-1.319295883178711,"y":0.12858009338378907,"z":1.334455966949463},"rotation":{"x":0.3584758937358856,"y":-0.034990713000297549,"z":0.013463882729411126,"w":0.9328025579452515},"size":6.607934951782227,"orthographic":true}