{"cameraMode":{"drawMode":0,"name":"Shaded","section":"Shading Mode"},"sceneLighting":true,"audioPlay":false,"sceneViewState":{"m_AlwaysRefresh":false,"showFog":true,"showSkybox":true,"showFlares":true,"showImageEffects":true,"showParticleSystems":true,"showVisualEffectGraphs":true,"m_FxEnabled":true},"in2DMode":false,"pivot":{"x":-0.801839292049408,"y":1.0113310813903809,"z":-1.5054731369018555},"rotation":{"x":0.39485472440719607,"y":-0.005499968305230141,"z":0.00239748228341341,"w":0.9187726974487305},"size":3.2230613231658937,"orthographic":false}