{"cameraMode":{"drawMode":0,"name":"Shaded","section":"Shading Mode"},"sceneLighting":true,"audioPlay":false,"sceneViewState":{"m_AlwaysRefresh":false,"showFog":true,"showSkybox":true,"showFlares":true,"showImageEffects":true,"showParticleSystems":true,"showVisualEffectGraphs":true,"m_FxEnabled":true},"in2DMode":false,"pivot":{"x":0.01562220137566328,"y":0.758134126663208,"z":8.481182098388672},"rotation":{"x":0.2849057912826538,"y":0.0014477181248366833,"z":-0.0003940833266824484,"w":0.9585890173912048},"size":1.6467865705490113,"orthographic":false}