{"cameraMode":{"drawMode":0,"name":"Shaded","section":"Shading Mode"},"sceneLighting":true,"audioPlay":false,"sceneViewState":{"m_AlwaysRefresh":false,"showFog":true,"showSkybox":true,"showFlares":true,"showImageEffects":true,"showParticleSystems":true,"showVisualEffectGraphs":true,"m_FxEnabled":true},"in2DMode":false,"pivot":{"x":-0.05794373154640198,"y":0.6686807870864868,"z":8.423128128051758},"rotation":{"x":0.2849057912826538,"y":0.0014477181248366833,"z":-0.0003940833266824484,"w":0.9585890173912048},"size":1.710458755493164,"orthographic":false}