{"cameraMode":{"drawMode":0,"name":"Shaded","section":"Shading Mode"},"sceneLighting":false,"audioPlay":false,"sceneViewState":{"m_AlwaysRefresh":false,"showFog":true,"showSkybox":false,"showFlares":true,"showImageEffects":true,"showParticleSystems":true,"showVisualEffectGraphs":true,"m_FxEnabled":true},"in2DMode":false,"pivot":{"x":7.519999980926514,"y":1.0026249885559083,"z":4.170000076293945},"rotation":{"x":0.35838353633880618,"y":-0.12270689755678177,"z":0.047615643590688708,"w":0.9242863059043884},"size":1.554928183555603,"orthographic":false}