{"cameraMode":{"drawMode":0,"name":"Shaded","section":"Shading Mode"},"sceneLighting":false,"audioPlay":false,"sceneViewState":{"m_AlwaysRefresh":false,"showFog":true,"showSkybox":false,"showFlares":true,"showImageEffects":true,"showParticleSystems":true,"showVisualEffectGraphs":true,"m_FxEnabled":true},"in2DMode":false,"pivot":{"x":5.282086372375488,"y":0.37381720542907717,"z":2.9312591552734377},"rotation":{"x":0.10058707743883133,"y":-0.7968435883522034,"z":0.13836057484149934,"w":0.5795290470123291},"size":1.8327035903930665,"orthographic":false}